<?xml version="1.0" encoding="UTF-8" standalone="yes" ?>
    <!--
        Copyright (C) 2012-2013 Qualcomm Technologies, Inc.
        All Rights Reserved. Qualcomm Technologies Proprietary and Confidential.
    -->
<Capability>
  <AudioLPCM>
    <Name>LPCM</Name>
    <Valid>1</Valid>
	<Channels>2</Channels>
    <SamplingFreq>48000</SamplingFreq>
	<Latency>33</Latency>
  </AudioLPCM>
  <AudioAAC>
    <Name>AAC</Name>
	<Valid>0</Valid>
	<Channels>0</Channels>
    <SamplingFreq>0</SamplingFreq>
    <Latency>0</Latency>
  </AudioAAC>
  <AudioAC3>
    <Name>AC3</Name>
    <Valid>0</Valid>
	<Channels>0</Channels>
    <SamplingFreq>0</SamplingFreq>
    <Latency>0</Latency>
   </AudioAC3>
   <VideoHeader>
    <VideoMethod>1</VideoMethod>
     <PreferredDisplaySupport>0</PreferredDisplaySupport>
	 <H264Profiles>2</H264Profiles>
    <Valid>1</Valid>
  </VideoHeader>
<CBP>
  <VideoCodec>
    <Profile>1</Profile>
    <Level>1</Level>
    <HorizontalResolution>800</HorizontalResolution>
    <VerticalResolution>480</VerticalResolution>
    <Latency>0</Latency>
    <MinimumSliceSize>0</MinimumSliceSize>
    <SliceEncodingParams>0</SliceEncodingParams>
    <FrameRateControlSupp>1</FrameRateControlSupp>
	<VideoFps>30</VideoFps>
  </VideoCodec>
</CBP>
<CHP>
  <VideoCodec>
    <Profile>2</Profile>
    <Level>1</Level>
    <HorizontalResolution>800</HorizontalResolution>
    <VerticalResolution>480</VerticalResolution>
    <Latency>0</Latency>
    <MinimumSliceSize>0</MinimumSliceSize>
    <SliceEncodingParams>0</SliceEncodingParams>
    <FrameRateControlSupp>1</FrameRateControlSupp>
	<VideoFps>30</VideoFps>
  </VideoCodec>
</CHP>

  <StandbyResumeCapability>
	<Valid>1</Valid>
  </StandbyResumeCapability>
  <!--
       IDR interval is to trigger an IDR request from sink.
       This can be applcable only to sink. IDRInterval is in msec
    -->
  <IDRRequest>
	<Valid>0</Valid>
	<IDRInterval>0</IDRInterval>
  </IDRRequest>
  <AVFormatChange>
	<Valid>0</Valid>
	<AVInterval>0</AVInterval>
  </AVFormatChange>
  <!--
       Frame skipping interval is in the scale of 500 msec/half second.
       FrameInterval can be between 1 to 7,  according to the WFD spec.
    -->
  <FrameSkipping>
	<Valid>0</Valid>
	<FrameInterval>0</FrameInterval>
  </FrameSkipping>
  <ContentProtection>
	<Valid>0</Valid>
	<Version>WFD_HDCP_2_1</Version> <!-- Valid values WFD_HDCP_2_0 and WFD_HDCP_2_1 -->
	<CPPort>6789</CPPort>
  </ContentProtection>
  <RTPPortType>
	<ConnectionType>0</ConnectionType> <!-- 0 - UDP ,1 - TCP  -->
  </RTPPortType>
  <RTPDumpEnable>
	<Valid>0</Valid> <!-- Enable RTP Dump Valid = 1 or Valid = 0-->
  </RTPDumpEnable>
  <UIBC>
	<UIBCValid>0</UIBCValid>                <!-- 0/1 UIBC supported or not -->
	<InputCategory>
		<Generic>1</Generic>		<!-- 0/1 - support generic or not -->
	</InputCategory>
	<InputEvents>
		<GenericInputEvents>
			<Mouse>1</Mouse>		<!-- 0/1 for all Input Event Types -->
			<Keyboard>1</Keyboard>
			<SingleTouch>1</SingleTouch>
			<MultiTouch>1</MultiTouch>
			<JoyStick>1</JoyStick>
			<Camera>0</Camera>
			<Gesture>0</Gesture>
			<RemoteControl>1</RemoteControl>
		</GenericInputEvents>
	</InputEvents>
	<TcpPort>4321</TcpPort>
  </UIBC>
  <AudioStreamInSuspend>0</AudioStreamInSuspend>
</Capability>
