<?xml version="1.0" encoding="utf-8"?>
<!-- Copyright (C) 2012-2013, The Linux Foundation. All rights reserved.
     Not a contribution.

     Copyright (C) 2012 The Android Open Source Project

     Licensed under the Apache License, Version 2.0 (the "License");
     you may not use this file except in compliance with the License.
     You may obtain a copy of the License at

          http://www.apache.org/licenses/LICENSE-2.0

     Unless required by applicable law or agreed to in writing, software
     distributed under the License is distributed on an "AS IS" BASIS,
     WITHOUT WARRANTIES OR CONDITIONS OF ANY KIND, either express or implied.
     See the License for the specific language governing permissions and
     limitations under the License.
-->
<CodecList>
    <Encoders>
        <!-- Audio Hardware  -->
        <MediaCodec name="OMX.google.aac.encoder" type="audio/mp4a-latm" />
        <MediaCodec name="OMX.qcom.audio.encoder.evrc" type="audio/evrc" >
            <Quirk name="requires-allocate-on-input-ports" />
            <Quirk name="requires-allocate-on-output-ports" />
        </MediaCodec>
        <MediaCodec name="OMX.google.flac.encoder" type="audio/flac"/>
        <MediaCodec name="OMX.qcom.audio.encoder.qcelp13" type="audio/qcelp" >
            <Quirk name="requires-allocate-on-input-ports" />
            <Quirk name="requires-allocate-on-output-ports" />
        </MediaCodec>
        <!-- Audio Software  -->
        <MediaCodec name="AACEncoder" type="audio/mp4a-latm" />
        <MediaCodec name="OMX.google.amrnb.encoder" type="audio/3gpp" />
        <MediaCodec name="OMX.google.amrwb.encoder" type="audio/amr-wb" />
        <!-- Video Hardware  -->
        <MediaCodec name="OMX.qcom.video.encoder.avc" type="video/avc" >
            <Quirk name="requires-allocate-on-input-ports" />
            <Quirk name="requires-allocate-on-output-ports" />
            <Quirk name="requires-loaded-to-idle-after-allocation" />
        </MediaCodec>
        <MediaCodec name="OMX.qcom.video.encoder.mpeg4" type="video/mp4v-es" >
            <Quirk name="requires-allocate-on-input-ports" />
            <Quirk name="requires-allocate-on-output-ports" />
            <Quirk name="requires-loaded-to-idle-after-allocation"/>
        </MediaCodec>
        <MediaCodec name="OMX.qcom.video.encoder.h263" type="video/3gpp" >
            <Quirk name="requires-allocate-on-input-ports" />
            <Quirk name="requires-allocate-on-output-ports" />
            <Quirk name="requires-loaded-to-idle-after-allocation" />
        </MediaCodec>
        <!-- Video Software  -->
        <MediaCodec name="OMX.google.h264.encoder" type="video/avc" />
        <MediaCodec name="OMX.google.mpeg4.encoder" type="video/mp4v-es" />
        <MediaCodec name="OMX.google.h263.encoder" type="video/3gpp" />
    </Encoders>
    <Decoders>
        <!-- Audio Hardware  -->
        <MediaCodec name="OMX.qcom.audio.decoder.amrwbplus" type="audio/amr-wb-plus" >
        </MediaCodec>
        <!-- Audio Software  -->
        <MediaCodec name="OMX.google.vorbis.decoder" type="audio/vorbis" />
        <MediaCodec name="OMX.google.mp3.decoder" type="audio/mpeg" />
        <MediaCodec name="MP3Decoder" type="audio/mpeg" />
        <MediaCodec name="OMX.google.amrnb.decoder" type="audio/3gpp" />
        <MediaCodec name="OMX.google.amrwb.decoder" type="audio/amr-wb" />
        <MediaCodec name="OMX.google.aac.decoder" type="audio/mp4a-latm" />
        <MediaCodec name="AACDecoder" type="audio/mp4a-latm" />
        <MediaCodec name="OMX.google.g711.alaw.decoder" type="audio/g711-alaw" />
        <MediaCodec name="OMX.google.g711.mlaw.decoder" type="audio/g711-mlaw" />
        <MediaCodec name="OMX.qcom.audio.decoder.Qcelp13" type="audio/qcelp" >
            <Quirk name="requires-global-flush" />
        </MediaCodec>
        <MediaCodec name="OMX.qcom.audio.decoder.evrc" type="audio/evrc" >
            <Quirk name="requires-global-flush" />
        </MediaCodec>
        <!-- Video Hardware  -->
        <MediaCodec name="OMX.qcom.video.decoder.avc" type="video/avc" >
            <Quirk name="requires-allocate-on-input-ports" />
            <Quirk name="requires-allocate-on-output-ports" />
            <Quirk name="defers-output-buffer-allocation" />
        </MediaCodec>
        <MediaCodec name="OMX.qcom.video.decoder.mpeg2" type="video/mpeg2" >
            <Quirk name="requires-allocate-on-input-ports" />
            <Quirk name="requires-allocate-on-output-ports" />
            <Quirk name="defers-output-buffer-allocation" />
        </MediaCodec>
        <MediaCodec name="OMX.qcom.video.decoder.mpeg4" type="video/mp4v-es" >
            <Quirk name="requires-allocate-on-input-ports" />
            <Quirk name="requires-allocate-on-output-ports" />
            <Quirk name="defers-output-buffer-allocation" />
        </MediaCodec>
        <MediaCodec name="OMX.qcom.video.decoder.h263" type="video/3gpp" >
            <Quirk name="requires-allocate-on-input-ports" />
            <Quirk name="requires-allocate-on-output-ports" />
            <Quirk name="defers-output-buffer-allocation" />
        </MediaCodec>
        <MediaCodec name="OMX.qcom.video.decoder.vc1" type="video/x-ms-wmv" >
            <Quirk name="requires-allocate-on-input-ports" />
            <Quirk name="requires-allocate-on-output-ports" />
            <Quirk name="defers-output-buffer-allocation" />
        </MediaCodec>
        <MediaCodec name="OMX.qcom.video.decoder.divx" type="video/divx" >
            <Quirk name="requires-allocate-on-input-ports" />
            <Quirk name="requires-allocate-on-output-ports" />
            <Quirk name="defers-output-buffer-allocation" />
        </MediaCodec>
        <MediaCodec name="OMX.qcom.video.decoder.divx311" type="video/divx311" >
            <Quirk name="requires-allocate-on-input-ports" />
            <Quirk name="requires-allocate-on-output-ports" />
            <Quirk name="defers-output-buffer-allocation" />
        </MediaCodec>
        <MediaCodec name="OMX.qcom.video.decoder.divx4" type="video/divx4" >
            <Quirk name="requires-allocate-on-input-ports" />
            <Quirk name="requires-allocate-on-output-ports" />
            <Quirk name="defers-output-buffer-allocation" />
        </MediaCodec>
        <MediaCodec name="OMX.qcom.video.decoder.vp8" type="video/x-vnd.on2.vp8" >
            <Quirk name="requires-allocate-on-input-ports" />
            <Quirk name="requires-allocate-on-output-ports" />
            <Quirk name="defers-output-buffer-allocation" />
        </MediaCodec>
        <MediaCodec name="OMX.qcom.video.decoder.hevchybrid" type="video/hevc" >
            <Quirk name="requires-allocate-on-input-ports" />
            <Quirk name="requires-allocate-on-output-ports" />
            <Quirk name="defers-output-buffer-allocation" />
        </MediaCodec>
        <!-- Video Software  -->
        <MediaCodec name="OMX.google.h264.decoder" type="video/avc" />
        <MediaCodec name="OMX.google.mpeg4.decoder" type="video/mp4v-es" />
        <MediaCodec name="OMX.google.h263.decoder" type="video/3gpp" />
        <MediaCodec name="OMX.google.vp8.decoder" type="video/x-vnd.on2.vp8" />
        <MediaCodec name="OMX.google.vp9.decoder" type="video/x-vnd.on2.vp9" />
    </Decoders>
</CodecList>
